text,diggCount,uniqueId,createTimeISO,videoWebUrl,language,sentiment,category,reaction_target,translation_ko
VIDIVICIのファンデ使ったことある人いる？？,1,choa_cosme,2026-07-06 11:15:11+00:00,https://www.tiktok.com/@choa_cosme/video/7659370969026366728,Japanese,Neutral,사용 방법·문의,제품 반응,VIDIVICI 파운데이션 써본 사람 있어요??
めっちゃキレイですよ!!!✨,1,mirumiru191,2026-04-20 15:15:57+00:00,https://www.tiktok.com/@shining.child03/video/7630793544990526740,Japanese,Positive,기타,기타,완전 예뻐요!!!✨
くしゃみが「へげっ」なのワロタ😁,0,sorairo0430,2026-04-26 00:11:06+00:00,https://www.tiktok.com/@shining.child03/video/7630793544990526740,Japanese,Positive,기타,기타,재채기가 '헤겟'인 거 웃기다 😁
😳😳😳,1,a.i6814,2026-04-21 01:43:49+00:00,https://www.tiktok.com/@shining.child03/video/7630793544990526740,Other,Neutral,기타,기타,
肌荒れしずらいらしい！,2,ai_10214,2026-06-05 01:05:09+00:00,https://www.tiktok.com/@1004yrm_/video/7647508523282173205,Japanese,Negative,제품력·효과,피부 표현·메이크업,피부 트러블 잘 안 생긴대!
他にもおすすめ教えて！,0,zerohachiis,2026-06-05 02:29:22+00:00,https://www.tiktok.com/@1004yrm_/video/7647508523282173205,Japanese,Neutral,사용 방법·문의,구매·문의,다른 추천 제품도 알려주세요!
クッション探してたから助かる！,1,user1827252258105,2026-06-04 12:20:17+00:00,https://www.tiktok.com/@1004yrm_/video/7647508523282173205,Japanese,Positive,기타,제품 반응,쿠션 찾고 있었는데 도움 됐어요!
肌のふんわり感めっちゃ良い☁️💞,2,issaeclat,2026-06-04 12:21:08+00:00,https://www.tiktok.com/@1004yrm_/video/7647508523282173205,Japanese,Positive,기타,피부 표현·메이크업,피부 표현 뽀샤시한 느낌 완전 좋아요☁️💞
毛穴どこいったの、、,1,ai_ai_0214,2026-06-04 12:28:19+00:00,https://www.tiktok.com/@1004yrm_/video/7647508523282173205,Japanese,Negative,제품력·효과,제품 반응,모공 어디 갔어..
私も最近これ買ったけど、ほんんっとに良い。今までデパコス含めリアル15個くらいファンデ買ってきたけどこれダントツ。まっじで崩れないし、仕上がりちょーきれい‼️ちなみに私は白い方使ってる💞,1,j_______m95,2026-06-06 15:43:58+00:00,https://www.tiktok.com/@1004yrm_/video/7647508523282173205,Japanese,Positive,제품력·효과,제품 반응,저도 최근에 이거 샀는데 진짜 좋아요. 지금까지 백화점 화장품 포함해서 진짜 15개 정도 파운데이션 샀는데 이게 압도적으로 최고. 진짜 안 무너지고 발림도 완전 예뻐요‼️ 저는 하얀색 쪽 쓰고 있어요💞
かわいすぎる、全部最高😭💕,2,user2553110087796,2026-06-04 12:21:16+00:00,https://www.tiktok.com/@1004yrm_/video/7647508523282173205,Japanese,Positive,모델·출연자 반응,모델·출연자 반응,"너무 예뻐, 전부 최고😭💕"
緩苺ちゃん❣️可愛いよ❣️,1,user1015981073426,2026-06-04 12:19:30+00:00,https://www.tiktok.com/@1004yrm_/video/7647508523282173205,Japanese,Positive,모델·출연자 반응,모델·출연자 반응,유루이치고짱❣️ 예뻐요❣️
かわいいー！,1,zero_pomemaru,2026-06-04 12:31:17+00:00,https://www.tiktok.com/@1004yrm_/video/7647508523282173205,Japanese,Positive,모델·출연자 반응,모델·출연자 반응,예뻐요ㅡ!
え、仕上がりめっちゃ綺麗,2,s_hiyori1221,2026-06-04 12:13:14+00:00,https://www.tiktok.com/@1004yrm_/video/7647508523282173205,Japanese,Positive,피부 표현·광채,피부 표현·메이크업,"어, 발림 완전 예쁘다"
肌綺麗すぎて内容入ってこない。。。,1,aya_0907_,2026-06-04 12:30:41+00:00,https://www.tiktok.com/@1004yrm_/video/7647508523282173205,Japanese,Negative,피부 표현·광채,피부 표현·메이크업,피부가 너무 예뻐서 내용이 안 들어와요...
可愛すぎる((o(｡>ω<｡)o)),1,risa._.912,2026-06-04 12:12:34+00:00,https://www.tiktok.com/@1004yrm_/video/7647508523282173205,Japanese,Positive,모델·출연자 반응,모델·출연자 반응,너무 귀여워((o(｡>ω<｡)o))
ゆるめちゃん今日もかわいい！,2,user3175493090830,2026-06-04 12:20:21+00:00,https://www.tiktok.com/@1004yrm_/video/7647508523282173205,Japanese,Positive,모델·출연자 반응,모델·출연자 반응,유루메짱 오늘도 예뻐요!
肌つるんってしてて羨ましい🥚,1,hinaptti55,2026-06-04 12:22:59+00:00,https://www.tiktok.com/@1004yrm_/video/7647508523282173205,Japanese,Positive,기타,피부 표현·메이크업,피부 반들반들해서 부러워요🥚
メガ割購入確定やな,2,itsucnuhlwt,2026-06-04 12:21:47+00:00,https://www.tiktok.com/@1004yrm_/video/7647508523282173205,Japanese,Positive,기타,구매·문의,메가할인 구매 확정이네
可愛すぎて見入った😭,1,akari_1103_,2026-06-04 12:28:47+00:00,https://www.tiktok.com/@1004yrm_/video/7647508523282173205,Japanese,Positive,모델·출연자 반응,모델·출연자 반응,너무 예뻐서 홀렸어요😭
ゆるめちゃんが紹介すると欲しくなる現象,1,megumegumeme,2026-06-04 12:19:36+00:00,https://www.tiktok.com/@1004yrm_/video/7647508523282173205,Japanese,Neutral,모델·출연자 반응,모델·출연자 반응,유루메짱이 소개하면 갖고 싶어지는 현상
仕上がりナチュラルで好き,1,user1396712402977,2026-06-04 12:18:28+00:00,https://www.tiktok.com/@1004yrm_/video/7647508523282173205,Japanese,Positive,피부 표현·광채,피부 표현·메이크업,발림이 자연스러워서 좋아요
憧れ😍,0,kiri00613r9,2026-06-05 02:21:10+00:00,https://www.tiktok.com/@1004yrm_/video/7647508523282173205,Japanese,Positive,기타,기타,동경돼요😍
なんでこんな可愛いの？,0,shugoi_kun,2026-06-05 02:01:35+00:00,https://www.tiktok.com/@1004yrm_/video/7647508523282173205,Japanese,Positive,모델·출연자 반응,모델·출연자 반응,왜 이렇게 예뻐요?
とりあえずメガ割り間に合った〜！,0,ai_10214,2026-06-05 01:36:06+00:00,https://www.tiktok.com/@1004yrm_/video/7647508523282173205,Japanese,Positive,기타,구매·문의,일단 메가할인 시간 맞춰 샀다~!
最近のメイクアップ見たい！,0,zerohachiis,2026-06-05 01:49:44+00:00,https://www.tiktok.com/@1004yrm_/video/7647508523282173205,Japanese,Positive,기타,피부 표현·메이크업,최근 메이크업 보고 싶어요!
透明感やばい,0,user1827252258105,2026-06-05 02:20:23+00:00,https://www.tiktok.com/@1004yrm_/video/7647508523282173205,Japanese,Positive,피부 표현·광채,피부 표현·메이크업,투명감 미쳤다
これ今度買ってみようかな！,1,asuka_0422_,2026-06-04 12:29:26+00:00,https://www.tiktok.com/@1004yrm_/video/7647508523282173205,Japanese,Positive,기타,기타,이거 다음에 한번 사볼까!
かわいいのよおん💗,0,ai_ai_0214,2026-06-05 03:19:51+00:00,https://www.tiktok.com/@1004yrm_/video/7647508523282173205,Japanese,Positive,모델·출연자 반응,모델·출연자 반응,예쁘다니까요💗
肌ふわふわ☁️,1,nicogram_arv,2026-06-04 12:14:14+00:00,https://www.tiktok.com/@1004yrm_/video/7647508523282173205,Japanese,Positive,기타,피부 표현·메이크업,피부 폭신폭신☁️
これ使ったらゆるめちゃんになれる？🍓💕,1,kitty_futa,2026-06-04 12:30:23+00:00,https://www.tiktok.com/@1004yrm_/video/7647508523282173205,Japanese,Positive,모델·출연자 반응,모델·출연자 반응,이거 쓰면 유루메짱처럼 될 수 있어요?🍓💕
可愛すぎてこの顔なりたい🥹,0,user1015981073426,2026-06-05 02:22:28+00:00,https://www.tiktok.com/@1004yrm_/video/7647508523282173205,Japanese,Positive,모델·출연자 반응,모델·출연자 반응,너무 예뻐서 이 얼굴 갖고 싶어요🥹
ゆるめちゃん,0,aoi_0731,2026-06-05 03:19:19+00:00,https://www.tiktok.com/@1004yrm_/video/7647508523282173205,Japanese,Neutral,모델·출연자 반응,모델·출연자 반응,유루메짱
かわいすぎる！,0,samugyopusaru_tabetai,2026-06-05 01:50:35+00:00,https://www.tiktok.com/@1004yrm_/video/7647508523282173205,Japanese,Positive,기타,기타,너무 예뻐요!
カラーは何色使ってますか！,1,idolnori.05,2026-02-25 22:38:47+00:00,https://www.tiktok.com/@doublesoup_jp/video/7578049697219185938,Japanese,Neutral,패키지·디자인,구매·문의,컬러는 몇 호 쓰세요!
主さん何肌ですか？？,0,happy____89,2026-02-23 15:58:04+00:00,https://www.tiktok.com/@doublesoup_jp/video/7578049697219185938,Japanese,Neutral,기타,피부 표현·메이크업,본인 피부 타입이 뭐예요??
かわいすぎて商品どころじゃない😂💕,5,issaeclat,2026-06-04 12:23:29+00:00,https://www.tiktok.com/@juri_._0212/video/7647509820865531157,Japanese,Positive,사용 방법·문의,기타,너무 예뻐서 제품 볼 정신이 없어요😂💕
韓国の友達からおすすめされたけどマジでこれいい。,1,aya_0907_,2026-06-04 12:28:06+00:00,https://www.tiktok.com/@juri_._0212/video/7647509820865531157,Japanese,Positive,기타,구매·문의,한국 친구가 추천해줬는데 진짜 이거 좋아요.
じゅりちゃんんんん,2,ai_10214,2026-06-04 12:28:50+00:00,https://www.tiktok.com/@juri_._0212/video/7647509820865531157,Japanese,Neutral,모델·출연자 반응,모델·출연자 반응,쥬리짱ㅡㅡㅡㅡ
顔面国宝すぎるて。,5,juri._.only,2026-06-04 12:55:00+00:00,https://www.tiktok.com/@juri_._0212/video/7647509820865531157,Japanese,Positive,모델·출연자 반응,모델·출연자 반응,얼굴이 국보급이야.
え、これ買おうかな！！,0,kiri00613r9,2026-06-04 12:17:45+00:00,https://www.tiktok.com/@juri_._0212/video/7647509820865531157,Japanese,Positive,기타,기타,"어, 이거 살까!!"
じゅりちゃんが紹介したら買うしかないじゃんんん💘💘,0,mashi0802,2026-06-04 13:09:20+00:00,https://www.tiktok.com/@juri_._0212/video/7647509820865531157,Japanese,Positive,구매 의도,구매·문의,쥬리짱이 소개하면 살 수밖에 없잖아요💘💘
じゅりちゃんの肌になりたい😭,0,akari_1103_,2026-06-04 12:25:10+00:00,https://www.tiktok.com/@juri_._0212/video/7647509820865531157,Japanese,Neutral,기타,피부 표현·메이크업,쥬리짱 피부 갖고 싶어요😭
これでじゅりちゃん肌目指す💗,0,yuna__2190,2026-06-04 12:18:57+00:00,https://www.tiktok.com/@juri_._0212/video/7647509820865531157,Japanese,Positive,기타,피부 표현·메이크업,이걸로 쥬리짱 피부 목표로 할래요💗
え、ビジュ強すぎない？🖤✨,0,risa._.912,2026-06-04 12:11:48+00:00,https://www.tiktok.com/@juri_._0212/video/7647509820865531157,Japanese,Positive,모델·출연자 반응,모델·출연자 반응,"어, 비주얼 너무 쎈 거 아니에요?🖤✨"
これ今おなじの買う,0,megumegumeme,2026-06-04 12:24:59+00:00,https://www.tiktok.com/@juri_._0212/video/7647509820865531157,Japanese,Neutral,구매 의도,구매·문의,이거 지금 같은 거 살래요
ビジュが良すぎる、全てが最高‼️,0,user2553110087796,2026-06-04 12:20:03+00:00,https://www.tiktok.com/@juri_._0212/video/7647509820865531157,Japanese,Positive,모델·출연자 반응,모델·출연자 반응,"비주얼이 너무 좋아, 전부 최고‼️"
じゅりちゃん全部似合うのずるい🥺🩵,0,ai_ai_0214,2026-06-04 12:27:21+00:00,https://www.tiktok.com/@juri_._0212/video/7647509820865531157,Japanese,Negative,모델·출연자 반응,모델·출연자 반응,쥬리짱 다 잘 어울리는 거 반칙이에요🥺🩵
じゅりちゃんが紹介すると全部欲しくなる😭💖,0,user1015981073426,2026-06-04 12:18:57+00:00,https://www.tiktok.com/@juri_._0212/video/7647509820865531157,Japanese,Positive,모델·출연자 반응,모델·출연자 반응,쥬리짱이 소개하면 다 갖고 싶어져요😭💖
じゅりちゃんのベースメイクまじ参考になる💄,0,itsucnuhlwt,2026-06-04 12:22:28+00:00,https://www.tiktok.com/@juri_._0212/video/7647509820865531157,Japanese,Positive,기타,피부 표현·메이크업,쥬리짱 베이스 메이크업 진짜 참고돼요💄
だいぶすきビジュ꒰ᐢɞ̴̶̷ ·̫ ɞ̴̶̷ᐢ꒱💘✨️,0,juri_._tan,2026-06-04 12:11:21+00:00,https://www.tiktok.com/@juri_._0212/video/7647509820865531157,Japanese,Positive,모델·출연자 반응,모델·출연자 반응,완전 제 취향 비주얼이에요💘✨️
じゅりさん可愛すぎませんか？🎀,0,kantavazl8b,2026-06-04 12:16:14+00:00,https://www.tiktok.com/@juri_._0212/video/7647509820865531157,Japanese,Positive,모델·출연자 반응,모델·출연자 반응,쥬리 님 너무 예쁘지 않아요?🎀
仕上がりめっちゃ綺麗じゃない？！,0,user1396712402977,2026-06-04 12:25:35+00:00,https://www.tiktok.com/@juri_._0212/video/7647509820865531157,Japanese,Positive,피부 표현·광채,피부 표현·메이크업,발림 완전 예쁘지 않아요?!
そのクッション気になってた！！,0,user3175493090830,2026-06-04 12:24:14+00:00,https://www.tiktok.com/@juri_._0212/video/7647509820865531157,Japanese,Positive,기타,제품 반응,그 쿠션 궁금했어요!!
デコじゅり可愛い🫵🏻,1,kj.1.26,2026-06-04 12:08:05+00:00,https://www.tiktok.com/@juri_._0212/video/7647509820865531157,Japanese,Positive,모델·출연자 반응,모델·출연자 반응,데코쥬리 예뻐요🫵🏻
メイクかわいすぎて保存した💘,2,aoi_0731,2026-06-04 12:26:16+00:00,https://www.tiktok.com/@juri_._0212/video/7647509820865531157,Japanese,Positive,기타,피부 표현·메이크업,메이크업 너무 예뻐서 저장했어요💘
トーンアップすごくない！？,0,emi255409,2026-06-06 07:04:07+00:00,https://www.tiktok.com/@juri_._0212/video/7647509820865531157,Japanese,Negative,피부 표현·광채,피부 표현·메이크업,톤업 대단하지 않아요!?
毛穴カバーできるの神すぎる😭,0,shugoi_kun,2026-06-04 12:15:57+00:00,https://www.tiktok.com/@juri_._0212/video/7647509820865531157,Japanese,Positive,제품력·효과,제품 반응,모공 커버되는 거 진짜 신급이에요😭
じゅりたん呼び可能🥹？？,0,8.mrri6,2026-06-04 12:10:19+00:00,https://www.tiktok.com/@juri_._0212/video/7647509820865531157,Japanese,Neutral,기타,기타,쥬리땅이라고 불러도 돼요🥹??
ライブ可愛かった！ｼｱﾜｾﾓﾉﾃﾞｽ,0,useriztyq07f04,2026-06-04 13:50:49+00:00,https://www.tiktok.com/@juri_._0212/video/7647509820865531157,Japanese,Positive,기타,기타,라이브 예뻤어요! 행복했어요
今日のメイクどタイプすぎる💗🦋,0,hinaptti55,2026-06-04 12:17:00+00:00,https://www.tiktok.com/@juri_._0212/video/7647509820865531157,Japanese,Positive,기타,피부 표현·메이크업,오늘 메이크업 완전 제 스타일이에요💗🦋
これ毛穴消える系？気になる！,0,kitty_futa,2026-06-04 12:25:47+00:00,https://www.tiktok.com/@juri_._0212/video/7647509820865531157,Japanese,Neutral,제품력·효과,제품 반응,이거 모공 없어지는 타입이에요? 궁금해요!
メイク似合いすぎてる🎀,0,s_hiyori1221,2026-06-04 12:11:04+00:00,https://www.tiktok.com/@juri_._0212/video/7647509820865531157,Japanese,Positive,기타,피부 표현·메이크업,메이크업 너무 잘 어울려요🎀
顔も声もかわいいって最強だね😻💕,0,mashi0802,2026-06-04 13:10:03+00:00,https://www.tiktok.com/@juri_._0212/video/7647509820865531157,Japanese,Positive,모델·출연자 반응,모델·출연자 반응,얼굴도 목소리도 예쁜 게 최강이네요😻💕
ストライクー,0,user3061107214379,2026-06-04 12:13:15+00:00,https://www.tiktok.com/@juri_._0212/video/7647509820865531157,Japanese,Negative,기타,기타,완전 제 스타일이야
肌きれいすぎて見入った👀✨,0,ebichan128,2026-06-04 12:18:16+00:00,https://www.tiktok.com/@juri_._0212/video/7647509820865531157,Japanese,Positive,기타,피부 표현·메이크업,피부가 너무 예뻐서 홀렸어요👀✨
下地とファンデはやっぱり同じブランドのを組み合わせるのが結局1番良いんよね😘,0,cho.it_official,2026-05-20 14:46:09+00:00,https://www.tiktok.com/@cho.it_official/video/7641527759608597767,Japanese,Positive,기타,제품 반응,베이스랑 파운데이션은 역시 같은 브랜드로 맞추는 게 제일 좋더라고요😘
崩れやすさはどうですか！？,0,vskegcshav,2026-04-04 22:35:35+00:00,https://www.tiktok.com/@moelogchan/video/7624723462409522453,Japanese,Neutral,기타,제품 반응,무너짐 정도는 어때요!?
🥺🥺🥺,0,moelogchan,2026-04-04 13:05:39+00:00,https://www.tiktok.com/@moelogchan/video/7624723462409522453,Other,Neutral,기타,기타,
綺麗だね🥰🥰🥰♥️♥️♥️,1,syoruu,2026-02-27 13:11:30+00:00,https://www.tiktok.com/@milktea37_37/video/7611481952662605077,Japanese,Positive,모델·출연자 반응,모델·출연자 반응,예쁘다🥰🥰🥰♥️♥️♥️
みるくちゃん〜💕,1,junda0909,2026-02-27 15:50:44+00:00,https://www.tiktok.com/@milktea37_37/video/7611481952662605077,Japanese,Positive,모델·출연자 반응,모델·출연자 반응,미루쿠짱~💕
可愛い,0,kerorosan1,2026-02-27 14:00:09+00:00,https://www.tiktok.com/@milktea37_37/video/7611481952662605077,Korean,Positive,모델·출연자 반응,모델·출연자 반응,
"綺麗ですね
気になります🥰",4,bibillko3140,2025-12-16 08:11:35+00:00,https://www.tiktok.com/@shining.child03/video/7584042952230751508,Japanese,Positive,모델·출연자 반응,모델·출연자 반응,"예쁘네요
궁금해요🥰"
今日までで1番ハイカバーだなと思うファンデはなんでしたか？,1,kakerui0508,2025-12-15 22:29:12+00:00,https://www.tiktok.com/@shining.child03/video/7584042952230751508,Japanese,Positive,기타,제품 반응,지금까지 중에 가장 커버력 좋았던 파운데이션이 뭐였어요?
全色パール入りですか…？,0,user5870423719900,2026-05-05 07:14:50+00:00,https://www.tiktok.com/@nekon_ototo/video/7610711180012784903,Japanese,Neutral,패키지·디자인,기타,전 색상 다 펄 들어있나요…?
パウダーファンデバージョンもやって欲しいです！,5,user9428486800299,2026-07-27 09:05:48+00:00,https://www.tiktok.com/@cosme_ba/video/7666990545289399572,Japanese,Neutral,구매 의도,제품 반응,파우더 파운데이션 버전도 나왔으면 좋겠어요!
みんなの崩れにくいファンでも教えて〜😳,2,cosme_ba,2026-07-27 10:21:18+00:00,https://www.tiktok.com/@cosme_ba/video/7666990545289399572,Japanese,Neutral,제품력·효과,제품 반응,다들 잘 안 무너지는 파운데이션도 알려줘요~😳
ビディビーチまだ使ったことないから気になるる♡,2,chiru_xoxos2,2026-07-31 05:53:03+00:00,https://www.tiktok.com/@atarichan33/video/7668454056699940116,Japanese,Positive,구매 의도,구매·문의,비디비치 아직 안 써봐서 궁금해요♡
🥰🥰🥰,2,user38484635310075,2026-07-31 00:05:06+00:00,https://www.tiktok.com/@atarichan33/video/7668454056699940116,Other,Positive,기타,기타,
美人すぎるんだよね。可愛いんだけど、美しいの方が似合う,7,.qx_m5_,2026-04-06 23:44:10+00:00,https://www.tiktok.com/@voce_magazine/video/7625173577989491988,Japanese,Positive,모델·출연자 반응,모델·출연자 반응,"너무 미인이에요. 귀엽기도 한데, 아름답다는 표현이 더 어울려요"
ズハは説得力ありすぎます🥰,0,user70133638069213,2026-05-10 13:04:35+00:00,https://www.tiktok.com/@voce_magazine/video/7625173577989491988,Japanese,Positive,기타,기타,즈하는 설득력이 너무 있어요🥰
맑고 깨끗하고 청순하다 카즈하🥰🥰🥰🥰🥰,0,one.light83,2026-04-18 01:15:13+00:00,https://www.tiktok.com/@voce_magazine/video/7625173577989491988,Korean,Positive,기타,기타,
겁나 이쁘다~^^,1,user_728810,2026-04-07 03:33:49+00:00,https://www.tiktok.com/@voce_magazine/video/7625173577989491988,Korean,Positive,기타,기타,
ﾜｰｲ\(* ॑꒳ ॑* \三/ * ॑꒳ ॑*)/ﾜｰｲ,1,keichos10.16,2026-04-06 15:43:39+00:00,https://www.tiktok.com/@voce_magazine/video/7625173577989491988,Korean,Positive,기타,기타,
可愛い😍,3,aoi6132,2026-04-05 07:30:15+00:00,https://www.tiktok.com/@voce_magazine/video/7625173577989491988,Korean,Positive,모델·출연자 반응,모델·출연자 반응,
一葉💓,1,userdp73x1i1e5,2026-04-18 15:31:07+00:00,https://www.tiktok.com/@voce_magazine/video/7625173577989491988,Other,Positive,기타,기타,
Wow q bella mi esposita kazuha👌😍❤️🌹,0,elbichotetoons,2026-04-08 03:46:09+00:00,https://www.tiktok.com/@voce_magazine/video/7625173577989491988,Other,Positive,기타,기타,
いち,3,aoi6132,2026-04-05 07:30:02+00:00,https://www.tiktok.com/@voce_magazine/video/7625173577989491988,Japanese,Neutral,기타,기타,1등
😍😍,1,nkmrcj,2026-04-06 04:12:45+00:00,https://www.tiktok.com/@voce_magazine/video/7625173577989491988,Other,Positive,기타,기타,
💜💜💜,1,tae.young1,2026-04-05 23:35:41+00:00,https://www.tiktok.com/@voce_magazine/video/7625173577989491988,Other,Positive,기타,기타,
I need this in my routine ASAP😍,0,treasurechest_global,2025-07-30 07:42:06+00:00,https://www.tiktok.com/@itsmelissaga/video/7525873410228931853,English,Positive,기타,기타,
Hey girl check ur email for collab--TTDEYE TEAM,0,business_manager_nico,2025-07-15 08:41:35+00:00,https://www.tiktok.com/@itsmelissaga/video/7525873410228931853,English,Neutral,기타,기타,
this looks amazing!,0,xo.alexiscarlon,2025-07-12 01:28:57+00:00,https://www.tiktok.com/@itsmelissaga/video/7525873410228931853,English,Positive,기타,기타,
Hermosa mi Meli ❤❤❤,0,dannymuaa,2025-07-11 17:15:10+00:00,https://www.tiktok.com/@itsmelissaga/video/7525873410228931853,Other,Positive,기타,기타,
Would the foundation work well for oily skin 💜,1,saniya_kbeauty,2026-06-07 19:27:10+00:00,https://www.tiktok.com/@error.erol/video/7648447895565323540,English,Positive,기타,기타,
Wait this looks so high end!!,1,cinnamieroll_,2026-06-07 02:14:31+00:00,https://www.tiktok.com/@error.erol/video/7648447895565323540,English,Positive,기타,기타,
naurrrr why did I see this after their sale 💔,1,waemochk,2026-06-07 08:20:44+00:00,https://www.tiktok.com/@error.erol/video/7648447895565323540,English,Negative,기타,기타,
Omg the glow is soo good 😍,0,cc.khv,2026-06-08 01:42:48+00:00,https://www.tiktok.com/@error.erol/video/7648447895565323540,English,Positive,기타,기타,
Such a natural glow! I love that first product ahhh 🤩🤩,0,monetjetaime,2026-06-08 23:06:18+00:00,https://www.tiktok.com/@error.erol/video/7648447895565323540,English,Positive,기타,기타,
まつ毛のデザインとってもかわいい、、、つけまかマツエクですか？,0,april__apple26,2026-07-29 20:23:12+00:00,https://www.tiktok.com/@miwa_asmr/video/7666764694312504583,Japanese,Positive,모델·출연자 반응,모델·출연자 반응,"속눈썹 디자인 너무 예뻐요... 인조 속눈썹이에요, 아니면 연장이에요?"
ライブはもうしませんか？(>_<),2,hiyokko95,2026-07-26 12:54:37+00:00,https://www.tiktok.com/@miwa_asmr/video/7666764694312504583,Japanese,Negative,기타,기타,라이브는 이제 안 해요?(>_<)
かわいすぎます！,1,hinamaro5,2026-07-26 10:03:24+00:00,https://www.tiktok.com/@miwa_asmr/video/7666764694312504583,Japanese,Positive,기타,기타,너무 예뻐요!
あなたはとても可愛いですね。私は2番目です🥹🤭,2,blinkeu_queen,2026-07-26 09:28:47+00:00,https://www.tiktok.com/@miwa_asmr/video/7666764694312504583,Japanese,Positive,모델·출연자 반응,모델·출연자 반응,당신 정말 예쁘네요. 저는 2번째예요🥹🤭
ameiiiiiii 💜,0,elizete.correa,2026-07-26 20:44:57+00:00,https://www.tiktok.com/@miwa_asmr/video/7666764694312504583,Other,Positive,기타,기타,
🥰🥰,3,user38484635310075,2026-05-26 07:47:57+00:00,https://www.tiktok.com/@atarichan33/video/7631722977578585364,Other,Positive,기타,기타,
関西弁なんですね！？知らなかったから勝手にギャップ萌えしてますwww,0,dy0kge7fi2vz,2026-04-11 02:57:31+00:00,https://www.tiktok.com/@moelogchan/video/7627326358539996436,Japanese,Positive,기타,기타,간사이 사투리였네요!? 몰랐어서 혼자 반전 매력에 빠졌어요www
クッションもよかったけどこれもほしー‼️,0,_mi_pi03,2026-04-11 05:33:49+00:00,https://www.tiktok.com/@moelogchan/video/7627326358539996436,Japanese,Positive,사용 방법·문의,제품 반응,쿠션도 좋았는데 이것도 갖고 싶어요‼️
かわいいかわいいほんとにかわいい。お顔立ちパーツ全て好み。🥲💖羨ましい,1,gjaikdsi,2026-02-20 10:46:17+00:00,https://www.tiktok.com/@mobnerd/video/7608884074043968786,Japanese,Positive,모델·출연자 반응,모델·출연자 반응,예쁘다 예쁘다 진짜 예쁘다. 얼굴 생김새 전부 제 취향이에요.🥲💖 부러워요
ちろるちゃん可愛すぎ🥰🥰,1,hide101012,2026-04-07 22:27:54+00:00,https://www.tiktok.com/@chiroru1547/video/7626015313120808212,Japanese,Positive,모델·출연자 반응,모델·출연자 반응,치로루짱 너무 예뻐요🥰🥰
ほんとにかわいいです🥰,1,tm17152,2026-04-08 02:19:56+00:00,https://www.tiktok.com/@chiroru1547/video/7626015313120808212,Japanese,Positive,모델·출연자 반응,모델·출연자 반응,진짜 예뻐요🥰
"ちろるちゃんこんにちは😊
綺麗過ぎだって😁",1,user26560887396866,2026-04-08 06:36:38+00:00,https://www.tiktok.com/@chiroru1547/video/7626015313120808212,Japanese,Positive,모델·출연자 반응,모델·출연자 반응,"치로루짱 안녕하세요😊
너무 예쁘다니까요😁"
ちろるん綺麗︎💕︎,1,ocha.ocha77334455,2026-04-07 17:26:43+00:00,https://www.tiktok.com/@chiroru1547/video/7626015313120808212,Japanese,Positive,모델·출연자 반응,모델·출연자 반응,치로룬 예뻐요💕
カラコンなにつけてますか？かわいいです🫣♥,4,mxxuvcl,2025-10-02 11:37:58+00:00,https://www.tiktok.com/@hwaeum418/video/7556585030877760775,Japanese,Positive,모델·출연자 반응,모델·출연자 반응,서클렌즈 뭐 끼세요? 예뻐요🫣♥
リップどこのですか？？,1,burina17,2025-10-02 12:54:27+00:00,https://www.tiktok.com/@hwaeum418/video/7556585030877760775,Japanese,Neutral,사용 방법·문의,제품 반응,립 어디 제품이에요??
ほんまかわいい💗💗💗,1,komacszu6er,2025-10-02 11:32:32+00:00,https://www.tiktok.com/@hwaeum418/video/7556585030877760775,Japanese,Positive,모델·출연자 반응,모델·출연자 반응,진짜 예쁘다💗💗💗
今日も可愛すぎるし、流し前髪も似合ってる🥹 クリームチーク今色々探してるから紹介してくれるの本当にありがたい!!🙏✨チェックしてみます！,1,q04858,2025-10-02 11:56:53+00:00,https://www.tiktok.com/@hwaeum418/video/7556585030877760775,Japanese,Positive,모델·출연자 반응,모델·출연자 반응,오늘도 너무 예쁘고 옆으로 넘긴 앞머리도 잘 어울려요🥹 크림 블러셔 지금 이것저것 찾고 있어서 소개해주신 거 정말 감사해요!!🙏✨ 확인해볼게요!
ツヤツヤで可愛い💓前髪似合ってる〜💕,0,user631728817151,2025-10-03 10:28:54+00:00,https://www.tiktok.com/@hwaeum418/video/7556585030877760775,Japanese,Positive,피부 표현·광채,피부 표현·메이크업,윤기 나고 예뻐요💓 앞머리 잘 어울려요~💕
かわいすぎます( > <。),1,_jeong0214,2025-10-02 15:51:32+00:00,https://www.tiktok.com/@hwaeum418/video/7556585030877760775,Japanese,Positive,기타,기타,너무 예뻐요( > <。)
そのブランド初めて見ました👀✨,1,e_d9354,2025-10-02 12:14:24+00:00,https://www.tiktok.com/@hwaeum418/video/7556585030877760775,Japanese,Positive,기타,기타,그 브랜드 처음 봤어요👀✨
この日のメイク全体的にどタイプでかわいすぎる…🤦🏽機会があればメイクアップチュートリアルみたいです！アイメイクがやばい😿👩‍❤️‍👨,1,sanzandesu,2025-10-02 12:30:03+00:00,https://www.tiktok.com/@hwaeum418/video/7556585030877760775,Japanese,Positive,기타,피부 표현·메이크업,이날 메이크업 전체적으로 완전 제 스타일이고 너무 예뻐요…🤦🏽 기회 되면 메이크업 튜토리얼 보고 싶어요! 아이메이크업 미쳤어요😿👩‍❤️‍👨
The perfect blush I want😍,1,nimimeraki,2026-07-02 22:19:00+00:00,https://www.tiktok.com/@vidivici.official/video/7655611775567629585,English,Positive,기타,기타,
結婚したい🥺,0,go_da_takeshi_no_081,2026-06-26 13:53:47+00:00,https://www.tiktok.com/@l00lhb_oo/video/7625828091063061767,Japanese,Neutral,기타,기타,결혼하고 싶어요🥺
まいちゃん、体調落ち着いた？？🥺お大事にね😞🧸ིྀ💞,0,mee_sulli2,2026-04-07 14:16:09+00:00,https://www.tiktok.com/@l00lhb_oo/video/7625828091063061767,Japanese,Neutral,모델·출연자 반응,모델·출연자 반응,"마이짱, 몸 상태 괜찮아졌어요??🥺 몸조리 잘해요😞🧸💞"
一瞬まいちゃんのAIかと思った笑笑まいちゃん可愛いからね,1,miyabi8920,2026-04-08 13:05:21+00:00,https://www.tiktok.com/@l00lhb_oo/video/7625828091063061767,Japanese,Positive,모델·출연자 반응,모델·출연자 반응,순간 마이짱 AI인가 했어요 ㅋㅋㅋ 마이짱 예쁘니까요
キャリアウーマンまいちゃん😉😉😉,1,saikyouoshi,2026-04-07 01:53:15+00:00,https://www.tiktok.com/@l00lhb_oo/video/7625828091063061767,Japanese,Positive,모델·출연자 반응,모델·출연자 반응,커리어우먼 마이짱😉😉😉
楽しそうなイベントだー！！,1,morikan622_,2026-04-07 02:19:40+00:00,https://www.tiktok.com/@l00lhb_oo/video/7625828091063061767,Japanese,Positive,기타,기타,재밌어 보이는 이벤트다!!
コメント失礼します！めちゃくちゃ可愛いです😭💗よろしければブラウンのトップスとブルーのインナー？どちらのものか知りたいです🙇‍♀️🙇‍♀️,1,sn__.22,2026-02-02 16:24:41+00:00,https://www.tiktok.com/@moresaya12/video/7591089839672478984,Japanese,Positive,모델·출연자 반응,모델·출연자 반응,댓글 실례합니다! 완전 예뻐요😭💗 가능하면 브라운 상의랑 블루 이너 어느 브랜드인지 알고 싶어요🙇‍♀️🙇‍♀️
🫶🏻💭,1,moresaya12,2026-01-03 11:22:29+00:00,https://www.tiktok.com/@moresaya12/video/7591089839672478984,Other,Neutral,기타,기타,
普段使っているスキンケア一覧を知りたいです😖❕,0,w22_19,2026-03-02 13:55:41+00:00,https://www.tiktok.com/@tsukune_kurumipan/video/7611122356978732308,Japanese,Neutral,기타,기타,평소 쓰는 스킨케어 목록 알고 싶어요😖❕
たった今アカウント知ってめっちゃ可愛い🥺❤︎って思ったのですが、インスタとかやってらっしゃいますか？,0,tyyyyyuuhuuuu,2026-02-27 09:07:47+00:00,https://www.tiktok.com/@tsukune_kurumipan/video/7611122356978732308,Japanese,Positive,모델·출연자 반응,모델·출연자 반응,"방금 계정 알게 됐는데 완전 예쁘다🥺❤︎ 생각했어요, 인스타 같은 거 하시나요?"
みんなのベースメイク悩み教えて🥺❗️,1,seta_teikoku,2026-04-20 12:20:02+00:00,https://www.tiktok.com/@seta_teikoku/video/7630812075501178119,Japanese,Neutral,사용 방법·문의,피부 표현·메이크업,다들 베이스 메이크업 고민 알려줘요🥺❗️
🔥❤️🥰,0,americaow0,2026-04-20 15:52:55+00:00,https://www.tiktok.com/@seta_teikoku/video/7630812075501178119,Other,Positive,기타,기타,
申し訳ないんだけど、商品じゃなくて一葉をみてるんですよね😂,30,.qx_m5_,2026-04-06 18:07:27+00:00,https://www.tiktok.com/@bitekicom/video/7625187713280462098,Japanese,Neutral,기타,기타,죄송한데 제품이 아니라 이치요 씨를 보고 있어요😂
"No idea what she said, but I need 3 of whatever she's endorsing.",12,necrogamesage702,2026-04-07 00:38:41+00:00,https://www.tiktok.com/@bitekicom/video/7625187713280462098,English,Neutral,기타,기타,
zuha🍝🍝🍝✨✨✨,2,sora85440,2026-04-09 12:51:16+00:00,https://www.tiktok.com/@bitekicom/video/7625187713280462098,Other,Positive,기타,기타,
こんなに商品に目がいかないことあるんだ,2,miyy215,2026-04-11 17:56:36+00:00,https://www.tiktok.com/@bitekicom/video/7625187713280462098,Japanese,Negative,기타,기타,이렇게 제품에 눈이 안 갈 수도 있구나
美人すぎ😍,4,isfpt6739,2026-04-09 05:03:36+00:00,https://www.tiktok.com/@bitekicom/video/7625187713280462098,Japanese,Positive,모델·출연자 반응,모델·출연자 반응,너무 미인이에요😍
綺麗すぎるうううう,2,user4844619061759,2026-04-06 11:50:50+00:00,https://www.tiktok.com/@bitekicom/video/7625187713280462098,Japanese,Positive,모델·출연자 반응,모델·출연자 반응,너무 예쁘다아아아
一葉💓✨,2,userdp73x1i1e5,2026-04-10 13:09:15+00:00,https://www.tiktok.com/@bitekicom/video/7625187713280462098,Other,Positive,기타,기타,
zuhaaaaaaaaa💖,2,patitasdepollo63,2026-04-09 08:28:24+00:00,https://www.tiktok.com/@bitekicom/video/7625187713280462098,Other,Positive,기타,기타,
my baby 🥹,0,hmf_1o1,2026-04-19 22:25:49+00:00,https://www.tiktok.com/@bitekicom/video/7625187713280462098,Other,Positive,기타,기타,
マスターさん多かったなー,0,shintyan61,2026-04-06 22:44:33+00:00,https://www.tiktok.com/@bitekicom/video/7625187713280462098,Japanese,Positive,기타,기타,마스터 님 많았네요ー
Gorgeous zuha💙,1,nomomimo1,2026-04-07 16:44:36+00:00,https://www.tiktok.com/@bitekicom/video/7625187713280462098,Other,Positive,기타,기타,
さすが、めちゃくちゃ美人✨,1,tenten.kpop.disney,2026-04-12 05:28:56+00:00,https://www.tiktok.com/@bitekicom/video/7625187713280462098,Japanese,Positive,모델·출연자 반응,모델·출연자 반응,"역시, 완전 미인이에요✨"
"Kazuha, you are so beautiful",1,pororoanggur_,2026-04-12 12:33:03+00:00,https://www.tiktok.com/@bitekicom/video/7625187713280462098,Other,Positive,기타,기타,
かわいい🩷,1,kjs1098,2026-04-11 11:40:46+00:00,https://www.tiktok.com/@bitekicom/video/7625187713280462098,Japanese,Positive,모델·출연자 반응,모델·출연자 반응,예뻐요🩷
透明感が半端ない☺️,1,takasandesu_,2026-04-09 11:18:04+00:00,https://www.tiktok.com/@bitekicom/video/7625187713280462098,Japanese,Positive,피부 표현·광채,피부 표현·메이크업,투명감이 대단해요☺️
my love,0,alnaira1450,2026-04-06 23:40:05+00:00,https://www.tiktok.com/@bitekicom/video/7625187713280462098,Other,Positive,기타,기타,
zuha 🥰🥰🥰,1,serateen,2026-04-06 14:39:40+00:00,https://www.tiktok.com/@bitekicom/video/7625187713280462098,Other,Positive,기타,기타,
Lo que tú digas guapa,0,sofk811,2026-04-08 04:45:13+00:00,https://www.tiktok.com/@bitekicom/video/7625187713280462098,Other,Neutral,기타,기타,
excelente kazuha 💯,1,nasario.vicente,2026-04-07 16:19:14+00:00,https://www.tiktok.com/@bitekicom/video/7625187713280462098,Other,Positive,기타,기타,
No se que dijo pero la quiero 😌,0,itsmtzofficial,2026-04-07 08:04:52+00:00,https://www.tiktok.com/@bitekicom/video/7625187713280462098,Other,Neutral,기타,기타,
"No entiendo nada ,pero si a todo mi amor 😍",0,welovefimmies,2026-04-14 23:37:24+00:00,https://www.tiktok.com/@bitekicom/video/7625187713280462098,Other,Positive,기타,기타,
こんにちは俺の妻です,2,user5690721473849,2026-04-06 22:44:22+00:00,https://www.tiktok.com/@bitekicom/video/7625187713280462098,Japanese,Neutral,기타,기타,안녕하세요 제 아내입니다
いいなー😊もうコスメ多すぎてどうしよう😭どんどん可愛いコスメ出て来て困る💦,1,ayakathsk,2026-04-06 14:24:16+00:00,https://www.tiktok.com/@kashico_2525/video/7625571252119391509,Japanese,Negative,모델·출연자 반응,모델·출연자 반응,좋겠다ー😊 화장품이 너무 많아서 어쩌지😭 계속 예쁜 화장품 나와서 곤란해요💦
韓国コスメいいよね,1,mori0812,2026-04-07 01:36:07+00:00,https://www.tiktok.com/@kashico_2525/video/7625571252119391509,Japanese,Positive,기타,기타,한국 화장품 좋죠
韓国って、化粧品も質高いんだねぇ！😮,1,ukkari_penelope1,2026-04-08 15:18:44+00:00,https://www.tiktok.com/@kashico_2525/video/7625571252119391509,Japanese,Positive,가격,기타,한국은 화장품도 질이 좋네요!😮
😷🤒👾インフルエンザーですねꉂ🤣𐤔︎︎👍,0,user4068717909436,2026-04-06 10:20:40+00:00,https://www.tiktok.com/@kashico_2525/video/7625571252119391509,Japanese,Negative,기타,기타,😷🤒👾 인플루엔자네요ꉂ🤣👍
19でも結構明るいですか？,2,yuna_k20,2026-03-05 08:15:11+00:00,https://www.tiktok.com/@hwaeum418/video/7564739306728754453,Japanese,Neutral,기타,기타,19호도 꽤 밝은가요?
よかったらマスカラ教えて欲しいです🥲❤,1,chllsx_,2025-10-24 11:02:43+00:00,https://www.tiktok.com/@hwaeum418/video/7564739306728754453,Japanese,Positive,구매 의도,구매·문의,괜찮으시면 마스카라도 알려주세요🥲❤
この時のメイク 紹介して欲しいです！可愛すぎます👼💕🤦‍♀,0,teume._.0909,2025-10-24 13:58:00+00:00,https://www.tiktok.com/@hwaeum418/video/7564739306728754453,Japanese,Positive,구매 의도,피부 표현·메이크업,이때 메이크업 소개해주세요! 너무 예뻐요👼💕🤦‍♀
つやっつやもちっもちやないですか....,3,m1n._chae,2025-10-24 12:21:39+00:00,https://www.tiktok.com/@hwaeum418/video/7564739306728754453,Japanese,Negative,기타,기타,완전 윤기 나고 쫀쫀하잖아요....
多幸感メイクの時肌綺麗だな~！って思ってたらこれ使ってたんだ！綺麗にカバーしてくれるのいいな！皮脂コントロールもしてくれるの良いദ്ദി＞ᴗ＜)🎀✧,2,q04858,2025-10-24 11:03:12+00:00,https://www.tiktok.com/@hwaeum418/video/7564739306728754453,Japanese,Positive,피부 표현·광채,제품 반응,행복감 메이크업 할 때 피부 예쁘다~! 싶었는데 이걸 쓰고 있었구나! 깔끔하게 커버해주는 거 좋다! 피지 컨트롤도 해주는 게 좋아요🎀✧
いち！めちゃめちゃ綺麗✨今日のメイクなんか透明感すごい💕,1,user631728817151,2025-10-24 11:00:43+00:00,https://www.tiktok.com/@hwaeum418/video/7564739306728754453,Japanese,Positive,피부 표현·광채,피부 표현·메이크업,1등! 완전 예뻐요✨ 오늘 메이크업 뭔가 투명감 대단해요💕
美しすぎるやろ,9,takachan1219,2026-04-10 01:28:21+00:00,https://www.tiktok.com/@cancammg_official/video/7625249395403017479,Japanese,Positive,기타,기타,너무 아름답잖아
So beauty 💙,5,nomomimo1,2026-04-07 16:47:57+00:00,https://www.tiktok.com/@cancammg_official/video/7625249395403017479,English,Positive,기타,기타,
はいっ！美！美！美～,0,user5128584135876,2026-05-17 13:54:54+00:00,https://www.tiktok.com/@cancammg_official/video/7625249395403017479,Japanese,Positive,기타,기타,네! 미! 미! 미~
👑👑👑,1,fuu05055,2026-04-08 18:39:58+00:00,https://www.tiktok.com/@cancammg_official/video/7625249395403017479,Other,Positive,기타,기타,
👀✌,0,black_lion227,2026-04-08 09:33:01+00:00,https://www.tiktok.com/@cancammg_official/video/7625249395403017479,Other,Neutral,기타,기타,
😍,0,nkmrcj,2026-04-06 16:10:26+00:00,https://www.tiktok.com/@cancammg_official/video/7625249395403017479,Other,Positive,기타,기타,
😍😍😍,0,zuhazana3,2026-04-06 03:28:54+00:00,https://www.tiktok.com/@cancammg_official/video/7625249395403017479,Other,Positive,기타,기타,
네이밍 살까여 아니면 이거살까욤?,0,xu.mioz,2026-02-08 14:20:26+00:00,https://www.tiktok.com/@kyeol.see/video/7595903475351915794,Korean,Neutral,기타,기타,
화장독 업나여,0,ji.mzn_,2026-01-31 10:54:30+00:00,https://www.tiktok.com/@kyeol.see/video/7595903475351915794,Korean,Negative,기타,기타,
복합성인데 요 쿠션이랑 블랙 중에 뭐가 더 낫나요 ㅜㅜ,2,yoon._1004_,2026-01-18 14:45:37+00:00,https://www.tiktok.com/@kyeol.see/video/7595903475351915794,Korean,Neutral,기타,기타,
건성이 여름에 써도 안뜨고 안지워지나요?,1,user2625130398714,2026-04-13 10:45:06+00:00,https://www.tiktok.com/@kyeol.see/video/7595903475351915794,Korean,Negative,기타,기타,
몇호 쓰셨어여?,3,h2.n8x,2026-01-20 02:20:09+00:00,https://www.tiktok.com/@kyeol.see/video/7595903475351915794,Korean,Neutral,기타,기타,
파우더 하신건가영,0,rhxxun1_,2026-06-14 12:06:10+00:00,https://www.tiktok.com/@kyeol.see/video/7595903475351915794,Korean,Neutral,기타,기타,
민감성이 써도 되나요?,4,useryui34,2026-01-22 06:12:15+00:00,https://www.tiktok.com/@kyeol.see/video/7595903475351915794,Korean,Neutral,기타,기타,
클리어 쿠션이 좋아요 아니면 이게 좋아요?,2,sb_m1_z,2026-02-24 05:26:56+00:00,https://www.tiktok.com/@kyeol.see/video/7595903475351915794,Korean,Neutral,기타,기타,
좀 건조하고 여름에는 헤라블랙쓰는 사람이고 평소에 피부 광 도는걸 굉장히 좋아하는데 비디비씨 블랙이 좋을까요 화이트가 좋을까요?,0,seohyun_0825,2026-03-01 10:43:45+00:00,https://www.tiktok.com/@kyeol.see/video/7595903475351915794,Korean,Positive,기타,기타,
커버력 좋아요?,0,dgdjsshsuo,2026-05-28 15:04:47+00:00,https://www.tiktok.com/@kyeol.see/video/7595903475351915794,Korean,Neutral,기타,기타,
건복합성이고 제가 쓰는 쿠션은 죄다 팔자에 끼는 데 이건 안 낄까요? 다크닝은 없나여???,0,user55957406629516,2026-06-04 07:38:55+00:00,https://www.tiktok.com/@kyeol.see/video/7595903475351915794,Korean,Negative,기타,기타,
이거 여름에 써도 되나요..?,1,drncywe,2026-02-20 09:39:19+00:00,https://www.tiktok.com/@kyeol.see/video/7595903475351915794,Korean,Neutral,기타,기타,
여름때 물놀이나 평소에 쓸때 비디비치 글로우 쿠션이 좋을까요 아님 클리오 검은색깔이 더 좋을까요??,0,boynextdoor_61,2026-05-27 09:59:06+00:00,https://www.tiktok.com/@kyeol.see/video/7595903475351915794,Korean,Neutral,기타,기타,
이거 화장독 있다고 들었는데.. 화장독 유발하는 성분이 포함되어 있나요?,0,inorganicfarming,2026-03-30 13:32:54+00:00,https://www.tiktok.com/@kyeol.see/video/7595903475351915794,Korean,Neutral,기타,기타,
어떤 계절에 좋나요?,1,iiiliiiiii_ini,2026-01-20 10:29:46+00:00,https://www.tiktok.com/@kyeol.see/video/7595903475351915794,Korean,Neutral,기타,기타,
건성한텐 괜찮나요..??,1,user26666123562218,2026-01-19 04:40:26+00:00,https://www.tiktok.com/@kyeol.see/video/7595903475351915794,Korean,Neutral,기타,기타,
수부지 인데 이거 살까요 클리오 검정 쿠션 리뉴얼 살까요?,0,user33997236546818,2026-02-17 12:36:28+00:00,https://www.tiktok.com/@kyeol.see/video/7595903475351915794,Korean,Neutral,기타,기타,
붉은기 잘 가려지나요?,0,user9081914275079,2026-02-28 08:11:08+00:00,https://www.tiktok.com/@kyeol.see/video/7595903475351915794,Korean,Neutral,기타,기타,
유지력 좋나요???,0,ccnzi8,2026-02-18 04:31:25+00:00,https://www.tiktok.com/@kyeol.see/video/7595903475351915794,Korean,Neutral,기타,기타,
건성+민감성 어떤게 좋을까요..,2,eunchae2727,2026-04-11 13:19:18+00:00,https://www.tiktok.com/@kyeol.see/video/7595903475351915794,Korean,Neutral,기타,기타,
"건복합성 여름 화이트,검정 둘중 뭐거 좋나여??",0,to.o33,2026-04-01 08:55:57+00:00,https://www.tiktok.com/@kyeol.see/video/7595903475351915794,Korean,Neutral,기타,기타,
여러분 수부지에 글로우 해야 하고 커버력 좋은 거에 화장 잘 안 뜨는 쿠션 좀 추천해주세요 ㅜㅜ,0,z.l9859,2026-02-24 01:18:19+00:00,https://www.tiktok.com/@kyeol.see/video/7595903475351915794,Korean,Neutral,기타,기타,
지성은요?,0,l_lrrr8,2026-02-01 08:03:22+00:00,https://www.tiktok.com/@kyeol.see/video/7595903475351915794,Korean,Neutral,기타,기타,
자빈드 20호 쓰면 몇호사야돼나용,0,st1iwa1tfory0u,2026-03-07 09:33:31+00:00,https://www.tiktok.com/@kyeol.see/video/7595903475351915794,Korean,Neutral,기타,기타,
21호 어떤게 더 핑크끼있는건가요,1,fffffffffww0,2026-01-18 12:48:20+00:00,https://www.tiktok.com/@kyeol.see/video/7595903475351915794,Korean,Neutral,기타,기타,
지속력 괜찮나요 ?? 스웨트랑 워터프루프는 안되겟죠..ㅜㅜ,0,user3792065940011,2026-05-04 09:37:34+00:00,https://www.tiktok.com/@kyeol.see/video/7595903475351915794,Korean,Negative,기타,기타,
매트보다 촉촉이가 좋은 수부지인데 촉촉이 쓰면 유분 많이 올라올까요.?🥺,0,useramrbox7ugu,2026-04-10 11:12:41+00:00,https://www.tiktok.com/@kyeol.see/video/7595903475351915794,Korean,Positive,기타,기타,
믿고 사두 될까여,0,uauauaauuaua,2026-01-31 16:15:09+00:00,https://www.tiktok.com/@kyeol.see/video/7595903475351915794,Korean,Neutral,기타,기타,
검정이랑 저거랑 뭐가 달라요?,0,reeeeeeem820,2026-04-02 11:39:31+00:00,https://www.tiktok.com/@kyeol.see/video/7595903475351915794,Korean,Neutral,기타,기타,
"와 방금 ""파일호구"" 보고 왔는데... 이거 유명걸그룹U출 수위 실화냐? 구글 왜 안지우고 가만히 있지 얼굴보고 깜짝 놀랬네...",0,estefanyromeromar,2026-04-30 02:24:58+00:00,https://www.tiktok.com/@bitekicom/video/7625187713280462098,Korean,Positive,기타,기타,
🦢,0,first_in_battle.1997,2026-04-07 12:39:59+00:00,https://www.tiktok.com/@bitekicom/video/7625187713280462098,Other,Neutral,기타,기타,
😍😍🤩,0,franciscomeneses92,2026-04-06 17:09:42+00:00,https://www.tiktok.com/@bitekicom/video/7625187713280462098,Other,Positive,기타,기타,
고스트헌터 윤시원 닮음,2,shkksppkt89,2026-05-30 12:50:16+00:00,https://www.tiktok.com/@morahaefilm/video/7610790118340693268,Korean,Neutral,기타,기타,
복합성에 얇게 발리는데 다크닝 없고 지속력 조은 글로우 쿠션을 찾고 있는데 비디비치 흰색 고민 하구 있는데 어떨까요? 아니면 다른 좋은 쿠션 있을까요? ㅠㅠ 추천에 떠서 봣는데 딱 제가 좋아하는 피부 표현이라서..,0,snxbxjssbasjdnsbz,2026-03-21 16:08:30+00:00,https://www.tiktok.com/@morahaefilm/video/7610790118340693268,Korean,Neutral,기타,기타,
언니 유툽으로도 잘보고 있는데 여기서 보니까 넘 반가워서 댓 남겨요!! 혹시 실례가 안된다면 정샘물 10호 웜 쉘을 구매했는데 자꾸 떠서ㅜㅠ 쿼치 비비랑 섞어바르면 괜찮아질까요?,1,user3441436017997,2026-02-25 15:30:32+00:00,https://www.tiktok.com/@morahaefilm/video/7610790118340693268,Korean,Positive,기타,기타,
밝게나온 편ㄴ가영?,0,ouxn_,2026-03-25 12:31:37+00:00,https://www.tiktok.com/@morahaefilm/video/7610790118340693268,Korean,Neutral,기타,기타,
건성이 쓰면 건조할까요ㅠ?,1,demonstrationhwang3,2026-01-20 15:51:24+00:00,https://www.tiktok.com/@kyeol.see/video/7595903475351915794,Korean,Negative,기타,기타,
🥰,1,anna_ngwa,2026-03-27 06:20:16+00:00,https://www.tiktok.com/@vidivici.official/video/7621750341192797456,Other,Positive,기타,기타,
저받아보고 싶어요,0,lovely47823,2026-07-30 11:55:39+00:00,https://www.tiktok.com/@.damsbeauty/video/7666805779525012756,Korean,Neutral,기타,기타,
♥♥♥,1,dj.boo48,2025-12-23 08:48:57+00:00,https://www.tiktok.com/@vidivici.official/video/7586952477908536592,Other,Positive,기타,기타,
I love my mochi primer so much! 🥺 Thank you! 🥰,2,aireeafifty1,2026-05-21 07:39:04+00:00,https://www.tiktok.com/@vidivici.official/video/7628871887594016021,Other,Positive,기타,기타,
Love this 😍 your products look so good,1,anjushrestha138,2026-04-19 14:03:09+00:00,https://www.tiktok.com/@vidivici.official/video/7628871887594016021,English,Positive,기타,기타,
need to try 😳😳😳,1,an.clair.de.lune_ugc,2026-04-15 13:03:05+00:00,https://www.tiktok.com/@vidivici.official/video/7628871887594016021,English,Positive,기타,기타,
necesito,1,ugcoryanis,2026-04-16 00:17:08+00:00,https://www.tiktok.com/@vidivici.official/video/7628871887594016021,Other,Neutral,기타,기타,
Kstyleがカズハstyleに見えてきた,1,kooon29,2026-04-09 17:01:06+00:00,https://www.tiktok.com/@kstylenews/video/7625218320651881735,Japanese,Neutral,기타,기타,K스타일이 카즈하 스타일로 보이기 시작했어요
🥰🥰🥰🥰🥰🥰,8,taetae00zuha,2026-04-05 16:17:28+00:00,https://www.tiktok.com/@kstylenews/video/7625218320651881735,Other,Positive,기타,기타,
綺麗すぎる。可愛すぎる。好きすぎる。,0,.qx_m5_,2026-04-07 04:02:08+00:00,https://www.tiktok.com/@kstylenews/video/7625218320651881735,Japanese,Positive,모델·출연자 반응,모델·출연자 반응,너무 예쁘다. 너무 귀엽다. 너무 좋다.
new fancam hehe,0,yujinsmedias,2026-04-27 19:54:20+00:00,https://www.tiktok.com/@kstylenews/video/7625218320651881735,Other,Positive,기타,기타,
可愛い過ぎ,0,user8424620816680,2026-04-07 13:01:50+00:00,https://www.tiktok.com/@__28mni/video/7611489444532653332,Korean,Positive,모델·출연자 반응,모델·출연자 반응,
カバー力やばすぎる！！🥹,0,__28mni,2026-02-27 10:27:27+00:00,https://www.tiktok.com/@__28mni/video/7611489444532653332,Japanese,Positive,제품력·효과,제품 반응,커버력 미쳤다!!🥹
should I buy kazuha's lifting device too?!,0,jennieeekor,2026-05-05 17:45:03+00:00,https://www.tiktok.com/@jennieeekor/video/7582949784034594079,English,Neutral,기타,기타,
渋谷にいたのに😔まさかそんなイベントがあったなんて…,0,ktno11111,2026-04-09 17:56:26+00:00,https://www.tiktok.com/@shuendesu/video/7626388958162799888,Japanese,Negative,기타,기타,시부야에 있었는데😔 설마 그런 이벤트가 있었을 줄이야…
使ってみたい💕,1,user43937256799431,2026-04-08 14:06:52+00:00,https://www.tiktok.com/@shuendesu/video/7626388958162799888,Japanese,Positive,구매 의도,기타,써보고 싶어요💕
❤️❤️❤️,1,shuendesu,2026-04-08 14:04:37+00:00,https://www.tiktok.com/@shuendesu/video/7626388958162799888,Other,Positive,기타,기타,
👀👀👀,1,shuendesu,2026-04-08 14:04:34+00:00,https://www.tiktok.com/@shuendesu/video/7626388958162799888,Other,Neutral,기타,기타,
とにかく髪が綺麗すぎる,0,0909_aorin,2026-05-31 07:17:47+00:00,https://www.tiktok.com/@pyon_seiradesu/video/7627482856071122196,Japanese,Positive,모델·출연자 반응,모델·출연자 반응,무조건 머리카락이 너무 예뻐요
せらこそ見つかっちゃうんじゃない|ω･),0,zutto_tricolore,2026-04-11 14:50:28+00:00,https://www.tiktok.com/@pyon_seiradesu/video/7627482856071122196,Japanese,Negative,기타,기타,세라 쪽이 더 들킬 것 같은데|ω･)
え！投稿してる,0,kazuma.kazu,2026-04-11 12:55:35+00:00,https://www.tiktok.com/@pyon_seiradesu/video/7627482856071122196,Japanese,Neutral,기타,기타,어! 올렸네
本間じゅなんは最高に可愛い😍🩷🩷🩷,1,shosuke10,2026-06-06 18:27:24+00:00,https://www.tiktok.com/@junanan_17/video/7648252508401372437,Japanese,Positive,모델·출연자 반응,모델·출연자 반응,혼마 쥬난은 최고로 예뻐요😍🩷🩷🩷
i like it 🥰🥰🥰,0,sakurablush.jp,2025-08-01 02:08:11+00:00,https://www.tiktok.com/@sari_pink7/video/7532786568260537608,Other,Positive,기타,기타,
🎀🎀🎀,1,yu_cosme._.fks,2025-08-22 11:44:20+00:00,https://www.tiktok.com/@mnst_ts/video/7532511236169239816,Other,Neutral,기타,기타,
such a gorgeous shadeee on you,1,kaylacza,2026-06-09 05:49:20+00:00,https://www.tiktok.com/@eiminokage/video/7649240317887024414,English,Positive,기타,기타,
"Such a gorgeous, subtle flush! The petal glow name fits it perfectly.",1,leiapurelab,2026-06-15 13:04:23+00:00,https://www.tiktok.com/@eiminokage/video/7649240317887024414,English,Positive,기타,기타,
So dreamyyyyyyy the shade is so perfect omg,1,lucky.bhunny,2026-06-09 18:42:53+00:00,https://www.tiktok.com/@eiminokage/video/7649240317887024414,English,Positive,기타,기타,
the perfect everyday shade 💓,1,waemochk,2026-06-09 10:04:54+00:00,https://www.tiktok.com/@eiminokage/video/7649240317887024414,English,Positive,기타,기타,
ooo it looks so natural ! 💗,1,qisa2ly,2026-06-13 03:15:33+00:00,https://www.tiktok.com/@eiminokage/video/7649240317887024414,Other,Positive,기타,기타,
so pretty color ❤️perfect for the pring,1,contentbyaileen,2026-06-09 12:19:52+00:00,https://www.tiktok.com/@eiminokage/video/7649240317887024414,English,Positive,기타,기타,
Wait i love the shadeeee 💗💗,1,03.dhan,2026-06-09 04:53:01+00:00,https://www.tiktok.com/@eiminokage/video/7649240317887024414,English,Positive,기타,기타,
it's the perfect natural flush of pink!,1,rinidollz,2026-06-09 04:18:29+00:00,https://www.tiktok.com/@eiminokage/video/7649240317887024414,English,Positive,기타,기타,
So pretty 😍😍,1,shannonnha,2026-06-09 05:27:39+00:00,https://www.tiktok.com/@eiminokage/video/7649240317887024414,Other,Positive,기타,기타,
Lovely shade 💖,1,socially.asia,2026-06-09 07:04:11+00:00,https://www.tiktok.com/@eiminokage/video/7649240317887024414,English,Positive,기타,기타,
Such a cute pink 💗💗,1,lilyknguyen,2026-06-09 04:21:34+00:00,https://www.tiktok.com/@eiminokage/video/7649240317887024414,Other,Positive,기타,기타,
Ok this shade is EVERYTHING,1,maispatio,2026-06-10 01:37:12+00:00,https://www.tiktok.com/@eiminokage/video/7649240317887024414,English,Negative,기타,기타,
Love the pink 😍,1,devi.ch_,2026-06-09 04:43:28+00:00,https://www.tiktok.com/@eiminokage/video/7649240317887024414,English,Positive,기타,기타,
This shade is so natural and beautiful 💗,1,princessmalph,2026-06-09 12:19:35+00:00,https://www.tiktok.com/@eiminokage/video/7649240317887024414,English,Positive,기타,기타,
the cutest pinky pink,1,faithjaguilar,2026-06-09 05:03:09+00:00,https://www.tiktok.com/@eiminokage/video/7649240317887024414,English,Positive,기타,기타,
What a pretty pink on you!,1,ayebeibei,2026-06-09 20:40:02+00:00,https://www.tiktok.com/@eiminokage/video/7649240317887024414,English,Positive,기타,기타,
So natural!! 🤭💞,1,a.ngelaaa222,2026-06-09 06:13:43+00:00,https://www.tiktok.com/@eiminokage/video/7649240317887024414,Other,Positive,기타,기타,
Such a pretty shade💓,1,wonnit1,2026-06-09 16:19:41+00:00,https://www.tiktok.com/@eiminokage/video/7649240317887024414,English,Positive,기타,기타,
